timestamp,views,day_of_week,month,rolling_mean_7,rolling_mean_30,rolling_std_7,lag_1,lag_7
2022-01-30,11011,6,1,12824.285714285714,13150.266666666666,1402.8435068680717,10983.0,11806.0
2022-01-31,13553,0,1,12714.142857142857,13251.233333333334,1291.3030148615321,11011.0,14324.0
2022-02-01,12998,1,2,12543.42857142857,13331.9,1132.4261355077256,13553.0,14193.0
2022-02-02,13572,2,2,12524.142857142857,13360.3,1110.2395279955667,12998.0,13707.0
2022-02-03,13277,3,2,12548.0,13358.666666666666,1126.6004911532198,13572.0,13110.0
2022-02-04,13388,4,2,12683.142857142857,13336.166666666666,1167.7536025165941,13277.0,12442.0
2022-02-05,12054,5,2,12836.142857142857,13295.2,959.4584285890045,13388.0,10983.0
2022-02-06,11365,6,2,12886.714285714286,13240.166666666666,850.3504599645431,12054.0,11011.0
2022-02-07,14634,0,2,13041.142857142857,13288.6,1063.0701495466544,11365.0,13553.0
2022-02-08,14480,1,2,13252.857142857143,13314.2,1192.713772393504,14634.0,12998.0
2022-02-09,15371,2,2,13509.857142857143,13304.0,1440.9331962969254,14480.0,13572.0
2022-02-10,17235,3,2,14075.285714285714,13379.133333333333,2001.7588694517035,15371.0,13277.0
2022-02-11,14425,4,2,14223.42857142857,13354.6,1980.6794168620374,17235.0,13388.0
2022-02-12,11460,5,2,14138.57142857143,13273.433333333332,2098.342906290805,14425.0,12054.0
2022-02-13,13059,6,2,14380.57142857143,13327.866666666667,1801.9011124497388,11460.0,11365.0
2022-02-14,15007,0,2,14433.857142857143,13473.333333333334,1816.1037441522428,13059.0,14634.0
2022-02-15,16284,1,2,14691.57142857143,13658.933333333332,1947.0225009094274,15007.0,14480.0
2022-02-16,14793,2,2,14609.0,13661.133333333333,1925.5439923997194,16284.0,15371.0
2022-02-17,17669,3,2,14671.0,13744.733333333334,2028.4285378916645,14793.0,17235.0
2022-02-18,15709,4,2,14854.42857142857,13757.366666666667,2060.280713652292,17669.0,14425.0
2022-02-19,16751,5,2,15610.285714285714,13787.366666666667,1502.4500784036727,15709.0,11460.0
2022-02-20,16703,6,2,16130.857142857143,13907.866666666667,1027.305606683699,16751.0,13059.0
2022-02-21,21617,0,2,17075.14285714286,14232.666666666666,2195.644205282452,16703.0,15007.0
2022-02-22,19864,1,2,17586.571428571428,14501.266666666666,2389.073171555769,21617.0,16284.0
2022-02-23,19020,2,2,18190.428571428572,14657.8,2079.4308401693784,19864.0,14793.0
2022-02-24,19942,3,2,18515.14285714286,14849.433333333332,2160.333109235018,19020.0,17669.0
2022-02-25,18705,4,2,18943.14285714286,15016.033333333333,1773.9576684700498,19942.0,15709.0
2022-02-26,18965,5,2,19259.428571428572,15211.2,1493.111165446441,18705.0,16751.0
2022-02-27,17868,6,2,19425.85714285714,15392.066666666668,1196.0450700218958,18965.0,16703.0
2022-02-28,21924,0,2,19469.714285714286,15756.766666666666,1291.5939395807702,17868.0,21617.0
2022-03-01,21776,1,3,19742.85714285714,16115.6,1562.611748384843,21924.0,19864.0
2022-03-02,19420,2,3,19800.0,16311.166666666666,1538.9059966958748,21776.0,19020.0
2022-03-03,18542,3,3,19600.0,16495.966666666667,1606.8494017797266,19420.0,19942.0
2022-03-04,17329,4,3,19403.428571428572,16621.2,1806.3648447588944,18542.0,18705.0
2022-03-05,13470,5,3,18618.428571428572,16627.633333333335,2894.7511037014656,17329.0,18965.0
2022-03-06,16973,6,3,18490.571428571428,16747.133333333335,2952.607991654303,13470.0,17868.0
2022-03-07,17611,0,3,17874.428571428572,16932.366666666665,2537.5563610911618,16973.0,21924.0
2022-03-08,19050,1,3,17485.0,17188.533333333333,1988.8556173504946,17611.0,21776.0
2022-03-09,19167,2,3,17448.85714285714,17339.633333333335,1949.745062700188,19050.0,19420.0
2022-03-10,17431,3,3,17290.14285714286,17438.0,1890.2407631984613,19167.0,18542.0
2022-03-11,18393,4,3,17442.14285714286,17538.733333333334,1936.109365761766,17431.0,17329.0
2022-03-12,16501,5,3,17875.14285714286,17514.266666666666,1023.5986239034685,18393.0,13470.0
2022-03-13,16065,6,3,17745.428571428572,17568.933333333334,1199.4095571214293,16501.0,16973.0
2022-03-14,19698,0,3,18043.571428571428,17843.533333333333,1402.6011380220948,16065.0,17611.0
2022-03-15,19426,1,3,18097.285714285714,18055.766666666666,1453.8313421537216,19698.0,19050.0
2022-03-16,18866,2,3,18054.285714285714,18184.4,1420.9998492007287,19426.0,19167.0
2022-03-17,16076,3,3,17860.714285714286,18177.466666666667,1600.9519786974156,18866.0,17431.0
2022-03-18,15647,4,3,17468.428571428572,18205.933333333334,1775.6815458805966,16076.0,18393.0
2022-03-19,15835,5,3,17373.285714285714,18144.8,1852.3442547472637,15647.0,16501.0
2022-03-20,17750,6,3,17614.0,18212.833333333332,1761.2388632247696,15835.0,16065.0
2022-03-21,22020,0,3,17945.714285714286,18388.466666666667,2342.054419684101,17750.0,19698.0
2022-03-22,20794,1,3,18141.14285714286,18524.833333333332,2535.2663521197123,22020.0,19426.0
2022-03-23,22040,2,3,18594.571428571428,18538.933333333334,2938.3084622019364,20794.0,18866.0
2022-03-24,17885,3,3,18853.0,18472.966666666667,2753.6258520963247,22040.0,16076.0
2022-03-25,15565,4,3,18841.285714285714,18357.8,2769.6654259004736,17885.0,15647.0
2022-03-26,12386,5,3,18348.571428571428,18105.933333333334,3581.43052690507,15565.0,15835.0
2022-03-27,13752,6,3,17777.428571428572,17940.833333333332,3988.4545819629056,12386.0,17750.0
2022-03-28,16190,0,3,16944.571428571428,17848.333333333332,3538.162887579883,13752.0,22020.0
2022-03-29,17066,1,3,16412.0,17821.6,3117.766240970186,16190.0,20794.0
2022-03-30,15653,2,3,15499.57142857143,17612.566666666666,1888.4214622397492,17066.0,22040.0
2022-03-31,15667,3,3,15182.714285714286,17408.933333333334,1582.8132880292671,15653.0,17885.0
2022-04-01,13818,4,4,14933.142857142857,17222.2,1648.8424655468477,15667.0,15565.0
2022-04-02,13067,5,4,15030.42857142857,17039.7,1485.507192526426,13818.0,12386.0
2022-04-03,13470,6,4,14990.142857142857,16911.066666666666,1529.1384751521375,13067.0,13752.0
2022-04-04,17195,0,4,15133.714285714286,17035.233333333334,1698.383320914929,13470.0,16190.0
2022-04-05,18159,1,4,15289.857142857143,17074.766666666666,1938.8569165508966,17195.0,17066.0
2022-04-06,19300,2,4,15810.857142857143,17131.066666666666,2469.9623093326504,18159.0,15653.0
2022-04-07,19850,3,4,16408.428571428572,17157.733333333334,2898.2357194876877,19300.0,15667.0
2022-04-08,15647,4,4,16669.714285714286,17040.4,2701.5484272472177,19850.0,13818.0
2022-04-09,16195,5,4,17116.571428571428,16999.2,2222.5442520635966,15647.0,13067.0
2022-04-10,14628,6,4,17282.0,16873.7,1929.6871939945688,16195.0,13470.0
2022-04-11,17558,0,4,17333.85714285714,16908.933333333334,1931.83586505784,14628.0,17195.0
2022-04-12,17704,1,4,17268.85714285714,16963.566666666666,1906.939470160789,17558.0,18159.0
2022-04-13,15950,2,4,16790.285714285714,16838.633333333335,1723.8105768215655,17704.0,19300.0
2022-04-14,15882,3,4,16223.42857142857,16720.5,1083.4343322882933,15950.0,19850.0
2022-04-15,15283,4,4,16171.42857142857,16601.066666666666,1123.6983369129737,15882.0,15647.0
2022-04-16,14343,5,4,15906.857142857143,16543.3,1318.3826491287934,15283.0,16195.0
2022-04-17,16366,6,4,16155.142857142857,16567.266666666666,1195.3111768589135,14343.0,14628.0
2022-04-18,20617,0,4,16592.14285714286,16726.666666666668,2048.413648702449,16366.0,17558.0
2022-04-19,18612,1,4,16721.85714285714,16755.4,2156.4556899823233,20617.0,17704.0
2022-04-20,19820,2,4,17274.714285714286,16682.066666666666,2407.1066805250925,18612.0,15950.0
2022-04-21,17256,3,4,17471.0,16564.133333333335,2329.376740675485,19820.0,15882.0
2022-04-22,16023,4,4,17576.714285714286,16363.566666666668,2228.119813825514,17256.0,15283.0
2022-04-23,15690,5,4,17769.14285714286,16290.4,1942.1074831714132,16023.0,14343.0
2022-04-24,15470,6,4,17641.14285714286,16287.233333333334,2074.979873683215,15690.0,16366.0
2022-04-25,19637,0,4,17501.14285714286,16528.933333333334,1862.9621957670226,15470.0,20617.0
2022-04-26,18828,1,4,17532.0,16698.133333333335,1886.0739646153702,19637.0,18612.0
2022-04-27,19268,2,4,17453.14285714286,16800.733333333334,1783.2027767074308,18828.0,19820.0
2022-04-28,18465,3,4,17625.85714285714,16847.366666666665,1819.1138344966425,19268.0,17256.0
2022-04-29,18207,4,4,17937.85714285714,16932.5,1680.3877953785116,18465.0,16023.0
2022-04-30,13656,5,4,17647.285714285714,16865.466666666667,2222.3349368239938,18207.0,15690.0
2022-05-01,14491,6,5,17507.428571428572,16887.9,2405.454971319888,13656.0,15470.0
2022-05-02,18765,0,5,17382.85714285714,17077.833333333332,2296.92065082589,14491.0,19637.0
2022-05-03,17289,1,5,17163.0,17205.133333333335,2207.4524532440796,18765.0,18828.0
2022-05-04,19342,2,5,17173.571428571428,17276.7,2219.3584551353856,17289.0,19268.0
2022-05-05,17630,3,5,17054.285714285714,17259.066666666666,2160.024977809721,19342.0,18465.0
2022-05-06,16698,4,5,16838.714285714286,17172.333333333332,2100.2832915494764,17630.0,18207.0
2022-05-07,13885,5,5,16871.428571428572,16973.5,2043.4613492097862,16698.0,13656.0
2022-05-08,15124,6,5,16961.85714285714,16956.066666666666,1931.5033375216133,13885.0,14491.0
2022-05-09,18431,0,5,16914.14285714286,17030.6,1883.0538519978131,15124.0,18765.0
2022-05-10,17428,1,5,16934.0,17123.933333333334,1888.3909376327042,18431.0,17289.0
2022-05-11,17634,2,5,16690.0,17126.466666666667,1616.111897941067,17428.0,19342.0
2022-05-12,17220,3,5,16631.428571428572,17110.333333333332,1583.4662249995424,17634.0,17630.0
2022-05-13,15154,4,5,16410.85714285714,17083.8,1677.3984249994128,17220.0,16698.0
2022-05-14,13474,5,5,16352.142857142857,17003.533333333333,1784.3316609281228,15154.0,13885.0
2022-05-15,14138,6,5,16211.285714285714,16965.366666666665,1930.3818891854758,13474.0,15124.0
2022-05-16,16443,0,5,15927.285714285714,17035.366666666665,1679.2961535800175,14138.0,18431.0
2022-05-17,15679,1,5,15677.42857142857,17012.466666666667,1543.411573662183,16443.0,17428.0
2022-05-18,15377,2,5,15355.0,16837.8,1279.783835914012,15679.0,17634.0
2022-05-19,15571,3,5,15119.42857142857,16736.433333333334,1000.5876368653336,15377.0,17220.0
2022-05-20,16097,4,5,15254.142857142857,16612.333333333332,1067.2760387347157,15571.0,15154.0
2022-05-21,14000,5,5,15329.285714285714,16503.8,930.8517093296991,16097.0,13474.0
2022-05-22,13035,6,5,15171.714285714286,16404.2,1215.8463052933,14000.0,14138.0
2022-05-23,15937,0,5,15099.42857142857,16412.433333333334,1140.366294536287,13035.0,16443.0
2022-05-24,17231,1,5,15321.142857142857,16471.133333333335,1394.4057788859723,15937.0,15679.0
2022-05-25,16742,2,5,15516.142857142857,16374.633333333333,1495.3118324251234,17231.0,15377.0
2022-05-26,16110,3,5,15593.142857142857,16284.033333333333,1512.3876739085697,16742.0,15571.0
2022-05-27,16669,4,5,15674.857142857143,16197.4,1558.8860797133002,16110.0,16097.0
2022-05-28,13820,5,5,15649.142857142857,16042.566666666668,1592.2455242593408,16669.0,14000.0
2022-05-29,13794,6,5,15757.57142857143,15895.466666666667,1398.629669491191,13820.0,13035.0
2022-05-30,17038,0,5,15914.857142857143,16008.2,1481.6162828222032,13794.0,15937.0
2022-05-31,17627,1,5,15971.42857142857,16112.733333333334,1546.389327556622,17038.0,17231.0
2022-06-01,17363,2,6,16060.142857142857,16066.0,1614.286160977623,17627.0,16742.0
2022-06-02,16049,3,6,16051.42857142857,16024.666666666666,1614.1368030770138,17363.0,16110.0
2022-06-03,14210,4,6,15700.142857142857,15853.6,1721.3501898772845,16049.0,16669.0
2022-06-04,14146,5,6,15746.714285714286,15737.466666666667,1665.5089026366654,14210.0,13820.0
2022-06-05,14869,6,6,15900.285714285714,15676.5,1496.4245959715597,14146.0,13794.0
2022-06-06,16659,0,6,15846.142857142857,15768.966666666667,1454.6736665625574,14869.0,17038.0
2022-06-07,16152,1,6,15635.42857142857,15803.233333333334,1245.5083108438268,16659.0,17627.0
2022-06-08,16336,2,6,15488.714285714286,15733.4,1053.8316934384434,16152.0,17363.0
2022-06-09,15605,3,6,15425.285714285714,15672.633333333333,1027.521891783986,16336.0,16049.0
2022-06-10,18872,4,6,16091.285714285714,15713.9,1507.3616812481682,15605.0,14210.0
2022-06-11,14452,5,6,16135.0,15621.633333333333,1444.6787416815998,18872.0,14146.0
2022-06-12,15722,6,6,16256.857142857143,15640.566666666668,1353.1721285645324,14452.0,14869.0
2022-06-13,19306,0,6,16635.0,15834.966666666667,1785.1731008504576,15722.0,16659.0
2022-06-14,18194,1,6,16926.714285714286,15970.166666666666,1858.4298672343257,19306.0,16152.0
2022-06-15,17446,2,6,17085.285714285714,16003.6,1846.9465534845847,18194.0,16336.0
2022-06-16,17797,3,6,17398.428571428572,16074.2,1736.670747641672,17446.0,15605.0
2022-06-17,16428,4,6,17049.285714285714,16109.233333333334,1633.664869170517,17797.0,18872.0
2022-06-18,14187,5,6,17011.428571428572,16063.1,1705.3797091501274,16428.0,14452.0
2022-06-19,15125,6,6,16926.14285714286,16030.7,1793.2740475242026,14187.0,15722.0
2022-06-20,18399,0,6,16796.571428571428,16177.333333333334,1616.738368562145,15125.0,19306.0
2022-06-21,18573,1,6,16850.714285714286,16361.933333333332,1676.5753501593463,18399.0,18194.0
2022-06-22,18691,2,6,17028.571428571428,16453.733333333334,1810.906021594615,18573.0,17446.0
2022-06-23,17036,3,6,16919.85714285714,16447.233333333334,1779.6593708320984,18691.0,17797.0
2022-06-24,14101,4,6,16587.428571428572,16359.2,2079.0060010449706,17036.0,16428.0
2022-06-25,12662,5,6,16369.57142857143,16244.266666666666,2423.7813334500734,14101.0,14187.0
2022-06-26,12953,6,6,16059.285714285714,16120.4,2729.4186630297895,12662.0,15125.0
2022-06-27,15873,0,6,15698.42857142857,16188.833333333334,2528.0846410634795,12953.0,18399.0
2022-06-28,16368,1,6,15383.42857142857,16274.633333333333,2230.0172538303564,15873.0,18573.0
2022-06-29,15906,2,6,14985.57142857143,16236.9,1735.073567810439,16368.0,18691.0
2022-06-30,14960,3,6,14689.0,16148.0,1485.6870464536537,15906.0,17036.0
2022-07-01,14953,4,7,14810.714285714286,16067.666666666666,1464.2317341967232,14960.0,14101.0
2022-07-02,12306,5,7,14759.857142857143,15942.9,1554.6898327932336,14953.0,12662.0
2022-07-03,13753,6,7,14874.142857142857,15927.666666666666,1423.6082593855108,12306.0,12953.0
2022-07-04,17086,0,7,15047.42857142857,16025.666666666666,1625.031472222751,13753.0,15873.0
2022-07-05,14591,1,7,14793.57142857143,16016.4,1519.7410807045806,17086.0,16368.0
2022-07-06,14540,2,7,14598.42857142857,15945.766666666666,1438.628612851306,14591.0,15906.0
2022-07-07,15446,3,7,14667.857142857143,15922.233333333334,1470.3636090631885,14540.0,14960.0
2022-07-08,13635,4,7,14479.57142857143,15832.2,1511.5743290957105,15446.0,14953.0
2022-07-09,13440,5,7,14641.57142857143,15760.033333333333,1283.3374273281115,13635.0,12306.0
2022-07-10,12308,6,7,14435.142857142857,15541.233333333334,1540.53220550259,13440.0,13753.0
2022-07-11,15142,0,7,14157.42857142857,15564.233333333334,1093.3254863250172,12308.0,17086.0
2022-07-12,15780,1,7,14327.285714285714,15566.166666666666,1252.6609962111763,15142.0,14591.0
2022-07-13,14484,2,7,14319.285714285714,15405.433333333332,1251.254132765247,15780.0,14540.0
2022-07-14,13985,3,7,14110.57142857143,15265.133333333333,1149.721104897983,14484.0,15446.0
2022-07-15,13752,4,7,14127.285714285714,15142.0,1142.482780947758,13985.0,13635.0
2022-07-16,13478,5,7,14132.714285714286,14998.033333333333,1138.7570291457214,13752.0,13440.0
2022-07-17,12915,6,7,14219.42857142857,14880.933333333332,990.051826445379,13478.0,12308.0
2022-07-18,15237,0,7,14233.0,14915.933333333332,1005.3390804434482,12915.0,15142.0
2022-07-19,15522,1,7,14196.142857142857,14929.166666666666,941.899044231399,15237.0,15780.0
2022-07-20,14970,2,7,14265.57142857143,14814.866666666667,983.6406622243519,15522.0,14484.0
2022-07-21,16493,3,7,14623.857142857143,14745.533333333333,1277.3299532712745,14970.0,13985.0
2022-07-22,16012,4,7,14946.714285714286,14656.233333333334,1305.53816671979,16493.0,13752.0
2022-07-23,13257,5,7,14915.142857142857,14530.266666666666,1348.9264161512458,16012.0,13478.0
2022-07-24,13859,6,7,15050.0,14522.2,1147.836806054542,13257.0,12915.0
2022-07-25,19991,0,7,15729.142857142857,14766.5,2200.5697314234917,13859.0,15237.0
2022-07-26,26009,1,7,17227.285714285714,15201.7,4453.024691685632,19991.0,15522.0
2022-07-27,26829,2,7,18921.428571428572,15566.9,5567.514581844176,26009.0,14970.0
2022-07-28,26811,3,7,20395.428571428572,15915.0,6152.5421807342445,26829.0,16493.0
2022-07-29,24508,4,7,21609.14285714286,16201.733333333334,5979.2660204122785,26811.0,16012.0
2022-07-30,22342,5,7,22907.0,16447.8,4716.946222575189,24508.0,13257.0
2022-07-31,20935,6,7,23917.85714285714,16647.2,2839.2236279524427,22342.0,13859.0
2022-08-01,17572,0,8,23572.285714285714,16822.733333333334,3473.2526405030694,20935.0,19991.0
2022-08-02,17557,1,8,22364.85714285714,16949.533333333333,3924.746336965424,17572.0,26009.0
2022-08-03,17863,2,8,21084.0,16975.433333333334,3680.484207274876,17557.0,26829.0
2022-08-04,17543,3,8,19760.0,17073.833333333332,2850.295423285076,17863.0,26811.0
2022-08-05,16532,4,8,18620.571428571428,17140.233333333334,2142.175751982286,17543.0,24508.0
2022-08-06,16864,5,8,17838.0,17187.5,1442.3989277126595,16532.0,22342.0
2022-08-07,16919,6,8,17264.285714285714,17296.966666666667,488.5699248097144,16864.0,20935.0
2022-08-08,19940,0,8,17602.571428571428,17513.633333333335,1132.5415161106732,16919.0,17572.0
2022-08-09,21846,1,8,18215.285714285714,17831.566666666666,1960.9767731316554,19940.0,17557.0
2022-08-10,20288,2,8,18561.714285714286,18003.1,2097.7976319849863,21846.0,17863.0
2022-08-11,17356,3,8,18535.0,18055.633333333335,2114.0601536695326,20288.0,17543.0
2022-08-12,15557,4,8,18395.714285714286,18091.4,2292.603084871394,17356.0,16532.0
2022-08-13,14328,5,8,18033.428571428572,18102.833333333332,2733.0559121700335,15557.0,16864.0
2022-08-14,17822,6,8,18162.428571428572,18238.5,2692.7009895358906,14328.0,16919.0
2022-08-15,19950,0,8,18163.85714285714,18454.233333333334,2693.803657072484,17822.0,19940.0
2022-08-16,20348,1,8,17949.85714285714,18702.0,2395.523632985164,19950.0,21846.0
2022-08-17,20552,2,8,17987.571428571428,18879.166666666668,2440.1325003055836,20348.0,20288.0
2022-08-18,21201,3,8,18536.85714285714,19068.466666666667,2693.8422639154387,20552.0,17356.0
2022-08-19,19975,4,8,19168.0,19235.3,2378.411024192384,21201.0,15557.0
2022-08-20,15980,5,8,19404.0,19218.2,1838.8812722231908,19975.0,14328.0
2022-08-21,16099,6,8,19157.85714285714,19221.1,2171.217126296602,15980.0,17822.0
2022-08-22,19973,0,8,19161.14285714286,19444.966666666667,2172.6326141780946,16099.0,19950.0
2022-08-23,19880,1,8,19094.285714285714,19645.666666666668,2136.930486647091,19973.0,20348.0
2022-08-24,18475,2,8,18797.571428571428,19595.133333333335,2042.9202837394746,19880.0,20552.0
2022-08-25,19534,3,8,18559.428571428572,19379.3,1798.611210271467,18475.0,21201.0
2022-08-26,17593,4,8,18219.14285714286,19071.433333333334,1709.268598803906,19534.0,19975.0
2022-08-27,17513,5,8,18438.14285714286,18761.5,1453.6588811881059,17593.0,15980.0
2022-08-28,17209,6,8,18596.714285714286,18518.2,1193.170386587128,17513.0,16099.0
2022-08-29,19808,0,8,18573.14285714286,18433.733333333334,1162.6904759466506,17209.0,19973.0
2022-08-30,21320,1,8,18778.85714285714,18446.566666666666,1508.4326776018331,19808.0,19880.0
2022-08-31,19651,2,8,18946.85714285714,18515.866666666665,1534.218088427139,21320.0,18475.0
2022-09-01,21265,3,9,19194.14285714286,18639.466666666667,1766.5384634524687,19651.0,19534.0
2022-09-02,19952,4,9,19531.14285714286,18709.1,1629.9107775755663,21265.0,17593.0
2022-09-03,17364,5,9,19509.85714285714,18703.133333333335,1661.3293300417556,19952.0,17513.0
2022-09-04,18179,6,9,19648.428571428572,18758.033333333333,1466.453415232634,17364.0,17209.0
2022-09-05,21924,0,9,19950.714285714286,18926.7,1703.723345527394,18179.0,19808.0
2022-09-06,28460,1,9,20970.714285714286,19311.4,3666.6569566970666,21924.0,21320.0
2022-09-07,22190,2,9,21333.428571428572,19386.4,3639.8333229761156,28460.0,19651.0
2022-09-08,21813,3,9,21411.714285714286,19385.3,3644.007076204477,22190.0,21265.0
2022-09-09,21008,4,9,21562.571428571428,19409.3,3595.0345319223297,21813.0,19952.0
2022-09-10,18307,5,9,21697.285714285714,19441.0,3425.1361877685417,21008.0,17364.0
2022-09-11,18021,6,9,21674.714285714286,19523.133333333335,3452.5962074109225,18307.0,18179.0
2022-09-12,21774,0,9,21653.285714285714,19771.333333333332,3451.256375789589,18021.0,21924.0
2022-09-13,22185,1,9,20756.85714285714,19916.766666666666,1816.282598108082,21774.0,28460.0
2022-09-14,22392,2,9,20785.714285714286,19998.166666666668,1844.2369437687964,22185.0,22190.0
2022-09-15,22714,3,9,20914.428571428572,20077.033333333333,1955.9421308022836,22392.0,21813.0
2022-09-16,21697,4,9,21012.85714285714,20115.2,1978.6402257249533,22714.0,21008.0
2022-09-17,19478,5,9,21180.14285714286,20057.766666666666,1747.7764377031226,21697.0,18307.0
2022-09-18,18351,6,9,21227.285714285714,20003.633333333335,1650.0829993553784,19478.0,18021.0
2022-09-19,21430,0,9,21178.14285714286,20185.3,1636.1507090903583,18351.0,21774.0
2022-09-20,24949,1,9,21573.0,20480.3,2167.0314564705905,21430.0,22185.0
2022-09-21,28118,2,9,22391.0,20751.8,3308.034360966192,24949.0,22392.0
2022-09-22,28993,3,9,23288.0,21055.566666666666,4153.479665693928,28118.0,22714.0
2022-09-23,27236,4,9,24079.285714285714,21347.6,4323.980639576008,28993.0,21697.0
2022-09-24,23561,5,9,24662.571428571428,21481.833333333332,3849.1576072841985,27236.0,19478.0
2022-09-25,21340,6,9,25089.571428571428,21606.733333333334,3131.1161405661387,23561.0,18351.0
2022-09-26,25590,0,9,25683.85714285714,21875.966666666667,2683.5631430723993,21340.0,21430.0
2022-09-27,25295,1,9,25733.285714285714,22145.5,2670.928659616609,25590.0,24949.0
2022-09-28,22898,2,9,24987.571428571428,22248.5,2622.419802214575,25295.0,28118.0
2022-09-29,21696,3,9,23945.14285714286,22261.033333333333,2177.4180756552123,22898.0,28993.0
2022-09-30,20111,4,9,22927.285714285714,22276.366666666665,2043.9168047554017,21696.0,27236.0
2022-10-01,18750,5,10,22240.0,22192.533333333333,2543.1989698015495,20111.0,23561.0
2022-10-02,16316,6,10,21522.285714285714,22071.333333333332,3403.065907593955,18750.0,21340.0
2022-10-03,20528,0,10,20799.14285714286,22176.8,2894.445855344947,16316.0,25590.0
2022-10-04,20789,1,10,20155.428571428572,22263.8,2127.34951345112,20528.0,25295.0
2022-10-05,18987,2,10,19596.714285714286,22165.9,1770.691551747046,20789.0,22898.0
2022-10-06,20675,3,10,19450.85714285714,21906.4,1603.0632581166622,18987.0,21696.0
2022-10-07,18815,4,10,19265.714285714286,21793.9,1588.8911976894597,20675.0,20111.0
2022-10-08,16481,5,10,18941.571428571428,21616.166666666668,1910.5253952026158,18815.0,18750.0
2022-10-09,17033,6,10,19044.0,21483.666666666668,1759.5559098817573,16481.0,16316.0
2022-10-10,20921,0,10,19100.14285714286,21570.8,1820.0288851710452,17033.0,20528.0
2022-10-11,22720,1,10,19376.0,21727.433333333334,2220.8661223345125,20921.0,20789.0
2022-10-12,22413,2,10,19865.428571428572,21748.733333333334,2482.8996393425564,22720.0,18987.0
2022-10-13,21657,3,10,20005.714285714286,21731.133333333335,2562.723337537955,22413.0,20675.0
2022-10-14,27504,4,10,21247.0,21901.533333333333,3728.8573316767856,21657.0,18815.0
2022-10-15,24773,5,10,22431.571428571428,21970.166666666668,3248.633448961879,27504.0,16481.0
2022-10-16,19827,6,10,22830.714285714286,21907.833333333332,2577.005026142083,24773.0,17033.0
2022-10-17,24255,0,10,23307.0,22067.066666666666,2471.1459554896724,19827.0,20921.0
2022-10-18,24356,1,10,23540.714285714286,22267.233333333334,2483.7085654510392,24255.0,22720.0
2022-10-19,23840,2,10,23744.571428571428,22347.566666666666,2433.7823003945723,24356.0,22413.0
2022-10-20,24470,3,10,24146.428571428572,22331.6,2257.492920412792,23840.0,21657.0
2022-10-21,22509,4,10,23432.85714285714,22144.633333333335,1752.200657132845,24470.0,27504.0
2022-10-22,20895,5,10,22878.85714285714,21874.7,1867.1532189021889,22509.0,24773.0
2022-10-23,19048,6,10,22767.571428571428,21601.766666666666,2089.3583430598865,20895.0,19827.0
2022-10-24,21281,0,10,22342.714285714286,21525.766666666666,2038.2359786741076,19048.0,24255.0
2022-10-25,22558,1,10,22085.85714285714,21566.366666666665,1846.5117951216869,21281.0,24356.0
2022-10-26,22322,2,10,21869.0,21457.433333333334,1688.5492787201636,22558.0,23840.0
2022-10-27,21802,3,10,21487.85714285714,21341.0,1246.9690491441836,22322.0,24470.0
2022-10-28,19266,4,10,21024.571428571428,21219.933333333334,1397.6809193734878,21802.0,22509.0
2022-10-29,17395,5,10,20524.571428571428,21076.566666666666,1963.3335475785595,19266.0,20895.0
2022-10-30,18854,6,10,20496.85714285714,21034.666666666668,1988.8539772584957,17395.0,19048.0
2022-10-31,22308,0,10,20643.571428571428,21153.266666666666,2091.567343496436,18854.0,21281.0
2022-11-01,23056,1,11,20714.714285714286,21377.933333333334,2174.368468796174,22308.0,22558.0
2022-11-02,21947,2,11,20661.14285714286,21425.233333333334,2132.3828946799385,23056.0,22322.0
2022-11-03,22701,3,11,20789.571428571428,21488.966666666667,2237.0496088331897,21947.0,21802.0
2022-11-04,22154,4,11,21202.14285714286,21594.533333333333,2174.673724843237,22701.0,19266.0
2022-11-05,19539,5,11,21508.428571428572,21556.666666666668,1632.4963355897662,22154.0,17395.0
2022-11-06,18513,6,11,21459.714285714286,21546.6,1727.2451779529265,19539.0,18854.0
2022-11-07,21602,0,11,21358.85714285714,21717.3,1689.6600672492918,18513.0,22308.0
2022-11-08,22367,1,11,21260.428571428572,21895.1,1591.5373968945974,21602.0,23056.0
2022-11-09,21127,2,11,21143.285714285714,21901.966666666667,1562.493382843052,22367.0,21947.0
2022-11-10,19961,3,11,20751.85714285714,21810.0,1446.093868388305,21127.0,22701.0
2022-11-11,20947,4,11,20579.428571428572,21761.133333333335,1317.2622944504028,19961.0,22154.0
2022-11-12,18189,5,11,20386.571428571428,21645.533333333333,1569.6273291392304,20947.0,19539.0
2022-11-13,18194,6,11,20341.0,21335.2,1636.3038633863634,18189.0,18513.0
2022-11-14,22358,0,11,20449.0,21254.7,1754.1124061282762,18194.0,21602.0
2022-11-15,22701,1,11,20496.714285714286,21350.5,1818.3465671029358,22358.0,22367.0
2022-11-16,21822,2,11,20596.0,21269.4,1876.5404338835297,22701.0,21127.0
2022-11-17,21088,3,11,20757.0,21160.466666666667,1861.26372840241,21822.0,19961.0
2022-11-18,20033,4,11,20626.428571428572,21033.566666666666,1877.7002651419286,21088.0,20947.0
2022-11-19,17337,5,11,20504.714285714286,20795.8,2078.8671365501855,20033.0,18189.0
2022-11-20,18606,6,11,20563.571428571428,20665.7,2007.1371699630815,17337.0,18194.0
2022-11-21,20226,0,11,20259.0,20643.4,1844.6423320885672,18606.0,22358.0
2022-11-22,20754,1,11,19980.85714285714,20700.266666666666,1536.031079174608,20226.0,22701.0
2022-11-23,22441,2,11,20069.285714285714,20738.933333333334,1671.5316044758872,20754.0,21822.0
2022-11-24,22211,3,11,20229.714285714286,20727.366666666665,1831.8072782805846,22441.0,21088.0
2022-11-25,23067,4,11,20663.14285714286,20752.2,2114.6149711449275,22211.0,20033.0
2022-11-26,19318,5,11,20946.14285714286,20669.4,1684.0001413866457,23067.0,17337.0
2022-11-27,19054,6,11,21010.14285714286,20662.333333333332,1585.8963215976335,19318.0,18606.0
2022-11-28,24367,0,11,21601.714285714286,20894.733333333334,1970.3770970962958,19054.0,20226.0
2022-11-29,23876,1,11,22047.714285714286,21062.133333333335,2095.8554112251145,24367.0,20754.0
2022-11-30,23477,2,11,22195.714285714286,21101.1,2163.735790578011,23876.0,22441.0
2022-12-01,23598,3,12,22393.85714285714,21119.166666666668,2227.923654330075,23477.0,22211.0
2022-12-02,19713,4,12,21914.714285714286,21044.7,2412.0769552597067,23598.0,23067.0
2022-12-03,18857,5,12,21848.85714285714,20916.566666666666,2499.5007120470104,19713.0,19318.0
2022-12-04,19646,6,12,21933.428571428572,20832.966666666667,2397.092325933091,18857.0,19054.0
2022-12-05,21736,0,12,21557.571428571428,20906.2,2144.921821197068,19646.0,24367.0
2022-12-06,21846,1,12,21267.571428571428,21017.3,1902.783825271288,21736.0,23876.0
2022-12-07,22926,2,12,21188.85714285714,21061.433333333334,1805.0372506378449,21846.0,23477.0
2022-12-08,22882,3,12,21086.571428571428,21078.6,1660.2451482780234,22926.0,23598.0
2022-12-09,21285,4,12,21311.14285714286,21083.866666666665,1545.8618339048146,22882.0,19713.0
2022-12-10,19977,5,12,21471.14285714286,21084.4,1285.5642637341052,21285.0,18857.0
2022-12-11,21499,6,12,21735.85714285714,21102.8,1007.8993713942181,19977.0,19646.0
2022-12-12,25422,0,12,22262.428571428572,21343.9,1719.5868551430115,21499.0,21736.0
2022-12-13,23386,1,12,22482.428571428572,21516.966666666667,1755.5660869685169,25422.0,21846.0
2022-12-14,20619,2,12,22152.85714285714,21459.0,1871.156632368555,23386.0,22926.0
2022-12-15,19000,3,12,21598.285714285714,21335.633333333335,2170.3830471666283,20619.0,22882.0
2022-12-16,16752,4,12,20950.714285714286,21166.633333333335,2849.452328330541,19000.0,21285.0
2022-12-17,15308,5,12,20283.714285714286,20973.966666666667,3570.5777643720894,16752.0,19977.0
2022-12-18,15674,6,12,19451.571428571428,20828.666666666668,3903.405942555914,15308.0,21499.0
2022-12-19,18987,0,12,18532.285714285714,20883.666666666668,2888.8773317839527,15674.0,25422.0
2022-12-20,18988,1,12,17904.0,20896.4,1998.316207877682,18987.0,23386.0
2022-12-21,18708,2,12,17631.0,20845.8,1668.986418958122,18988.0,20619.0
2022-12-22,15399,3,12,17116.571428571428,20667.3,1730.524954760156,18708.0,19000.0
2022-12-23,14592,4,12,16808.0,20405.666666666668,1980.838795392844,15399.0,16752.0
2022-12-24,12212,5,12,16365.714285714286,20072.366666666665,2615.5379761651275,14592.0,15308.0
2022-12-25,11439,6,12,15760.714285714286,19684.766666666666,3221.7516826661245,12212.0,15674.0
2022-12-26,13758,0,12,15013.714285714286,19499.433333333334,2943.18380410773,11439.0,18987.0
2022-12-27,16448,1,12,14650.857142857143,19412.566666666666,2493.8109009152986,13758.0,18988.0
2022-12-28,14088,2,12,13990.857142857143,19069.933333333334,1737.8989641299665,16448.0,18708.0
2022-12-29,14107,3,12,13806.285714285714,18744.3,1628.5941497997949,14088.0,15399.0
2022-12-30,10390,4,12,13206.0,18308.066666666666,2018.4636897073262,14107.0,14592.0
2022-12-31,9153,5,12,12769.0,17826.566666666666,2534.665132386053,10390.0,12212.0
2023-01-01,9288,6,1,12461.714285714286,17479.066666666666,2835.332238867642,9153.0,11439.0
2023-01-02,11874,0,1,12192.57142857143,17246.3,2780.6665781873107,9288.0,13758.0
2023-01-03,13913,1,1,11830.42857142857,17055.2,2248.1773993722004,11874.0,16448.0
2023-01-04,13444,2,1,11738.42857142857,16778.8,2151.4935012020424,13913.0,14088.0
2023-01-05,13500,3,1,11651.714285714286,16500.6,2049.9558299539644,13444.0,14107.0
2023-01-06,13315,4,1,12069.57142857143,16180.233333333334,2048.018461598414,13500.0,10390.0
2023-01-07,11144,5,1,12354.0,15788.966666666667,1680.7872163563613,13315.0,9153.0
2023-01-08,12594,6,1,12826.285714285714,15499.266666666666,1003.8377548665466,11144.0,9288.0
2023-01-09,14230,0,1,13162.857142857143,15307.7,1026.0559485350009,12594.0,11874.0
2023-01-10,15659,1,1,13412.285714285714,15113.033333333333,1387.3990911397752,14230.0,13913.0
2023-01-11,15748,2,1,13741.42857142857,14790.566666666668,1645.4719542979667,15659.0,13444.0
2023-01-12,15138,3,1,13975.42857142857,14515.633333333333,1720.188929269444,15748.0,13500.0
2023-01-13,13713,4,1,14032.285714285714,14285.433333333332,1701.1943563553925,15138.0,13315.0
2023-01-14,11567,5,1,14092.714285714286,14037.666666666666,1585.0473930124092,13713.0,11144.0
2023-01-15,13595,6,1,14235.714285714286,13932.433333333332,1468.1441475875,11567.0,12594.0
2023-01-16,15017,0,1,14348.142857142857,13922.733333333334,1497.4743657874942,13595.0,14230.0
2023-01-17,16143,1,1,14417.285714285714,13938.366666666667,1577.142850672934,15017.0,15659.0
2023-01-18,19134,2,1,14901.0,13943.266666666666,2372.1654664040925,16143.0,15748.0
2023-01-19,18685,3,1,15407.714285714286,13933.166666666666,2775.733699660089,19134.0,15138.0
2023-01-20,17195,4,1,15905.142857142857,13882.733333333334,2733.0835106506643,18685.0,13713.0
2023-01-21,16059,5,1,16546.85714285714,13904.733333333334,1963.8432072997034,17195.0,11567.0
2023-01-22,16237,6,1,16924.285714285714,13959.566666666668,1501.4140794914829,16059.0,13595.0
2023-01-23,18518,0,1,17424.428571428572,14169.766666666666,1333.9572528311908,16237.0,15017.0
2023-01-24,19673,1,1,17928.714285714286,14444.233333333334,1432.3952799751846,18518.0,16143.0
2023-01-25,18627,2,1,17856.285714285714,14606.533333333333,1372.8744436747274,19673.0,19134.0
2023-01-26,18320,3,1,17804.14285714286,14668.933333333332,1342.7544362951976,18627.0,18685.0
2023-01-27,17541,4,1,17853.571428571428,14784.033333333333,1322.814153883394,18320.0,17195.0
2023-01-28,15177,5,1,17727.571428571428,14819.7,1545.500982113647,17541.0,16059.0
2023-01-29,16929,6,1,17826.428571428572,15037.666666666666,1453.6702809489645,15177.0,16237.0
2023-01-30,19590,0,1,17979.571428571428,15385.566666666668,1588.8511422977608,16929.0,18518.0
2023-01-31,19467,1,1,17950.14285714286,15724.866666666667,1553.7786659808057,19590.0,19673.0
2023-02-01,20016,2,2,18148.571428571428,15996.266666666666,1732.9830598462938,19467.0,18627.0
2023-02-02,19975,3,2,18385.0,16198.333333333334,1867.9108651110532,20016.0,18320.0
2023-02-03,18408,4,2,18508.85714285714,16363.8,1830.9994928609508,19975.0,17541.0
2023-02-04,16801,5,2,18740.85714285714,16473.833333333332,1387.6893778953956,18408.0,15177.0
2023-02-05,16474,6,2,18675.85714285714,16579.133333333335,1493.3369153868284,16801.0,16929.0
2023-02-06,19784,0,2,18703.571428571428,16867.133333333335,1514.775985323965,16474.0,19590.0
2023-02-07,22864,1,2,19188.85714285714,17209.466666666667,2192.605180188706,19784.0,19467.0
2023-02-08,21966,2,2,19467.428571428572,17467.333333333332,2426.5973335202266,22864.0,20016.0
2023-02-09,22537,3,2,19833.428571428572,17696.6,2694.351984995177,21966.0,19975.0
2023-02-10,20061,4,2,20069.571428571428,17840.366666666665,2620.0125226890495,22537.0,18408.0
2023-02-11,17122,5,2,20115.428571428572,17906.5,2555.2785795383315,20061.0,16801.0
2023-02-12,17677,6,2,20287.285714285714,18038.633333333335,2296.9501311003055,17122.0,16474.0
2023-02-13,20979,0,2,20458.0,18352.366666666665,2297.717998362679,17677.0,19784.0
2023-02-14,26435,1,2,20968.14285714286,18780.366666666665,3156.7657725680106,20979.0,22864.0
2023-02-15,20551,2,2,20766.0,18964.833333333332,3127.3865020705566,26435.0,21966.0
2023-02-16,19095,3,2,20274.285714285714,19063.233333333334,3072.6372339455206,20551.0,22537.0
2023-02-17,18730,4,2,20084.14285714286,19049.766666666666,3128.706997497576,19095.0,20061.0
2023-02-18,22378,5,2,20835.0,19172.866666666665,2923.292379036539,18730.0,17122.0
2023-02-19,20063,6,2,21175.85714285714,19268.466666666667,2616.7271178943292,22378.0,17677.0
2023-02-20,22502,0,2,21393.428571428572,19483.233333333334,2660.5796897883038,20063.0,20979.0
2023-02-21,23434,1,2,20964.714285714286,19723.133333333335,1822.636525685161,22502.0,26435.0
2023-02-22,24752,2,2,21564.85714285714,19930.933333333334,2294.3116926121597,23434.0,20551.0
2023-02-23,25262,3,2,22445.85714285714,20117.233333333334,2370.60965636623,24752.0,19095.0
2023-02-24,23880,4,2,23181.571428571428,20292.333333333332,1740.6408644655114,25262.0,18730.0
2023-02-25,21214,5,2,23015.285714285714,20388.8,1880.2055485402493,23880.0,22378.0
2023-02-26,20309,6,2,23050.428571428572,20481.066666666666,1817.0664872390473,21214.0,20063.0
2023-02-27,25505,0,2,23479.428571428572,20825.333333333332,2010.2339712200726,20309.0,22502.0
2023-02-28,25849,1,2,23824.428571428572,21122.666666666668,2199.464848331794,25505.0,23434.0
2023-03-01,26334,2,3,24050.428571428572,21347.466666666667,2384.18056203395,25849.0,24752.0
2023-03-02,28804,3,3,24556.428571428572,21658.7,2984.464935692911,26334.0,25262.0
2023-03-03,24249,4,3,24609.14285714286,21799.8,2973.7655942463493,28804.0,23880.0
2023-03-04,21536,5,3,24655.14285714286,21851.833333333332,2914.3921852632225,24249.0,21214.0
2023-03-05,20996,6,3,24753.285714285714,21938.1,2750.6070671934885,21536.0,20309.0
2023-03-06,25558,0,3,24760.85714285714,22230.0,2753.092953302401,20996.0,25505.0
2023-03-07,24743,1,3,24602.85714285714,22505.633333333335,2711.6612637870808,25558.0,25849.0
2023-03-08,24321,2,3,24315.285714285714,22656.866666666665,2601.9975476727095,24743.0,26334.0
2023-03-09,25303,3,3,23815.14285714286,22738.166666666668,1811.9221311975298,24321.0,28804.0
2023-03-10,23691,4,3,23735.428571428572,22795.666666666668,1801.9003724902627,25303.0,24249.0
2023-03-11,21677,5,3,23755.571428571428,22767.0,1773.7846409247504,23691.0,21536.0
2023-03-12,22280,6,3,23939.0,22840.966666666667,1483.4883439603584,21677.0,20996.0
2023-03-13,24610,0,3,23803.571428571428,23090.566666666666,1348.154276179304,22280.0,25558.0
2023-03-14,31982,1,3,24837.714285714286,23567.4,3401.5468890042885,24610.0,24743.0
2023-03-15,27583,2,3,25303.714285714286,23787.533333333333,3539.6006231534166,31982.0,24321.0
2023-03-16,26225,3,3,25435.428571428572,23780.533333333333,3556.6829517187916,27583.0,25303.0
2023-03-17,25226,4,3,25654.714285714286,23936.366666666665,3477.647371154053,26225.0,23691.0
2023-03-18,21938,5,3,25692.0,24031.133333333335,3428.9505197168014,25226.0,21677.0
2023-03-19,22620,6,3,25740.571428571428,24160.8,3374.540356707424,21938.0,22280.0
2023-03-20,27410,0,3,26140.571428571428,24328.533333333333,3384.128044127031,22620.0,24610.0
2023-03-21,26148,1,3,25307.14285714286,24531.366666666665,2225.963493903248,27410.0,31982.0
2023-03-22,26366,2,3,25133.285714285714,24660.166666666668,2059.9170464110266,26148.0,27583.0
2023-03-23,25248,3,3,24993.714285714286,24720.633333333335,2006.012106500873,26366.0,26225.0
2023-03-24,23410,4,3,24734.285714285714,24675.9,2086.767014170026,25248.0,25226.0
2023-03-25,21584,5,3,24683.714285714286,24553.3,2168.5157530965935,23410.0,21938.0
2023-03-26,21679,6,3,24549.285714285714,24479.933333333334,2340.1444908583658,21584.0,22620.0
2023-03-27,24156,0,3,24084.428571428572,24578.0,1971.293979187401,21679.0,27410.0
2023-03-28,28160,1,3,24371.85714285714,24839.7,2418.320658953924,24156.0,26148.0
2023-03-29,31400,2,3,25091.0,25036.2,3579.7502240611943,28160.0,26366.0
2023-03-30,33968,3,3,26336.714285714286,25306.833333333332,4912.594722217716,31400.0,25248.0
2023-03-31,30151,4,3,27299.714285714286,25434.066666666666,4903.961959962711,33968.0,23410.0
2023-04-01,25710,5,4,27889.14285714286,25330.933333333334,4315.068111805791,30151.0,21584.0
2023-04-02,24404,6,4,28278.428571428572,25336.1,3746.9636532860827,25710.0,21679.0
2023-04-03,27958,0,4,28821.571428571428,25550.166666666668,3298.5261282953284,24404.0,24156.0
2023-04-04,26429,1,4,28574.285714285714,25731.266666666666,3419.071936178188,27958.0,28160.0
2023-04-05,22028,2,4,27235.428571428572,25613.6,3925.5943013825354,26429.0,31400.0
2023-04-06,19672,3,4,25193.14285714286,25444.566666666666,3538.906630988822,22028.0,33968.0
2023-04-07,19028,4,4,23604.14285714286,25268.133333333335,3437.473705527079,19672.0,30151.0
2023-04-08,20060,5,4,22797.0,25093.366666666665,3522.8612897283215,19028.0,25710.0
2023-04-09,17459,6,4,21804.85714285714,24885.633333333335,3947.249524608683,20060.0,24404.0
2023-04-10,21853,0,4,20932.714285714286,24891.5,2895.438695274852,17459.0,27958.0
2023-04-11,23020,1,4,20445.714285714286,24916.166666666668,1948.8805944511562,21853.0,26429.0
2023-04-12,21483,2,4,20367.85714285714,24811.933333333334,1884.9719209730595,23020.0,22028.0
2023-04-13,21323,3,4,20603.714285714286,24456.633333333335,1886.681187896253,21483.0,19672.0
2023-04-14,19988,4,4,20740.85714285714,24203.466666666667,1785.2155265373929,21323.0,19028.0
2023-04-15,16848,5,4,20282.0,23890.9,2321.597438546656,19988.0,20060.0
2023-04-16,17416,6,4,20275.85714285714,23630.566666666666,2330.352293007119,16848.0,17459.0
2023-04-17,24456,0,4,20647.714285714286,23714.5,2786.9194889868904,17416.0,21853.0
2023-04-18,25088,1,4,20943.14285714286,23796.766666666666,3164.3580933353364,24456.0,23020.0
2023-04-19,25453,2,4,21510.285714285714,23731.533333333333,3602.6559977459574,25088.0,21483.0
2023-04-20,28348,3,4,22513.85714285714,23804.866666666665,4426.133618579927,25453.0,21323.0
2023-04-21,26082,4,4,23384.428571428572,23795.4,4445.79163768545,28348.0,19988.0
2023-04-22,21932,5,4,24110.714285714286,23684.866666666665,3518.5838398558585,26082.0,16848.0
2023-04-23,23769,6,4,25018.285714285714,23696.833333333332,1992.2500440694566,21932.0,17416.0
2023-04-24,28935,0,4,25658.14285714286,23941.866666666665,2448.5685225297025,23769.0,24456.0
2023-04-25,29181,1,4,26242.85714285714,24191.933333333334,2758.778439126623,28935.0,25088.0
2023-04-26,30475,2,4,26960.285714285714,24402.566666666666,3145.0856752656696,29181.0,25453.0
2023-04-27,30417,3,4,27255.85714285714,24477.8,3385.2860257576267,30475.0,28348.0
2023-04-28,31008,4,4,27959.571428571428,24464.733333333334,3605.4382006972423,30417.0,26082.0
2023-04-29,25353,5,4,28448.285714285714,24177.566666666666,2792.4246760526757,31008.0,21932.0
2023-04-30,24397,6,4,28538.0,23985.766666666666,2621.9164110753004,25353.0,23769.0
2023-05-01,30814,0,5,28806.428571428572,24155.9,2761.788783689584,24397.0,28935.0
2023-05-02,37457,1,5,29988.714285714286,24591.0,4294.809841125429,30814.0,29181.0
2023-05-03,36971,2,5,30916.714285714286,24891.433333333334,5052.390546869318,37457.0,30475.0
2023-05-04,35504,3,5,31643.428571428572,25193.933333333334,5326.921902222721,36971.0,30417.0
2023-05-05,30988,4,5,31640.571428571428,25492.6,5327.324871425945,35504.0,31008.0
2023-05-06,25889,5,5,31717.14285714286,25699.833333333332,5224.753883472054,30988.0,25353.0
2023-05-07,26726,6,5,32049.85714285714,25956.433333333334,4731.81506501712,25889.0,24397.0
2023-05-08,30240,0,5,31967.85714285714,26295.766666666666,4761.680635677874,26726.0,30814.0
2023-05-09,29703,1,5,30860.14285714286,26703.9,4132.216654071965,30240.0,37457.0
2023-05-10,33282,2,5,30333.14285714286,27084.866666666665,3391.902142287776,29703.0,36971.0
2023-05-11,30979,3,5,29686.714285714286,27350.166666666668,2575.017133553587,33282.0,35504.0
2023-05-12,27340,4,5,29165.571428571428,27545.4,2636.186441126703,30979.0,30988.0
2023-05-13,20585,5,5,28407.85714285714,27520.8,4094.065682121278,27340.0,25889.0
2023-05-14,23256,6,5,27912.14285714286,27629.733333333334,4519.607336505004,20585.0,26726.0
2023-05-15,28581,0,5,27675.14285714286,28020.833333333332,4419.584649736881,23256.0,30240.0
2023-05-16,29970,1,5,27713.285714285714,28439.3,4441.102555082611,28581.0,29703.0
2023-05-17,30369,2,5,27297.14285714286,28636.4,3940.608389092969,29970.0,33282.0
2023-05-18,29554,3,5,27093.571428571428,28785.266666666666,3750.9467630249083,30369.0,30979.0
2023-05-19,30321,4,5,27519.428571428572,28947.533333333333,3947.651152146934,29554.0,27340.0
2023-05-20,25892,5,5,28277.571428571428,28865.666666666668,2709.319032348713,30321.0,20585.0
2023-05-21,28746,6,5,29061.85714285714,28954.466666666667,1567.3743892860373,25892.0,23256.0
2023-05-22,30993,0,5,29406.428571428572,29256.5,1703.2790784386746,28746.0,28581.0
2023-05-23,31053,1,5,29561.14285714286,29499.3,1808.9125120330584,30993.0,29970.0
2023-05-24,31311,2,5,29695.714285714286,29578.5,1911.1770992666195,31053.0,30369.0
2023-05-25,30427,3,5,29820.428571428572,29620.033333333333,1928.790973394182,31311.0,29554.0
2023-05-26,24920,4,5,29048.85714285714,29434.866666666665,2643.160319804642,30427.0,30321.0
2023-05-27,23706,5,5,28736.571428571428,29211.166666666668,3157.411854517389,24920.0,25892.0
2023-05-28,34209,6,5,29517.0,29317.866666666665,3774.904016439704,23706.0,28746.0
2023-05-29,29691,0,5,29331.0,29462.466666666667,3721.758768825919,34209.0,30993.0
2023-05-30,34974,1,5,29891.14285714286,29815.033333333333,4277.670215922416,29691.0,31053.0
2023-05-31,44864,2,5,31827.285714285714,30283.366666666665,7138.168385850886,34974.0,31311.0
2023-06-01,35386,3,6,32535.714285714286,30214.333333333332,7221.625364470315,44864.0,30427.0
2023-06-02,34795,4,6,33946.42857142857,30141.8,6404.239503566886,35386.0,24920.0
2023-06-03,30741,5,6,34951.42857142857,29983.033333333333,4906.185241004113,34795.0,23706.0
2023-06-04,31574,6,6,34575.0,30002.566666666666,5070.9607242282655,30741.0,34209.0
2023-06-05,37947,0,6,35754.42857142857,30404.5,4691.613470052694,31574.0,29691.0
2023-06-06,40472,1,6,36539.857142857145,30862.7,4989.915611463052,37947.0,34974.0
2023-06-07,39068,2,6,35711.857142857145,31156.966666666667,3690.0002451927744,40472.0,44864.0
2023-06-08,37399,3,6,35999.42857142857,31413.5,3738.493406758913,39068.0,35386.0
2023-06-09,35650,4,6,36121.57142857143,31492.433333333334,3706.413758929223,37399.0,34795.0
2023-06-10,32869,5,6,36425.57142857143,31555.433333333334,3250.8147110706223,35650.0,30741.0
2023-06-11,32989,6,6,36627.71428571428,31743.733333333334,2926.6882144773786,32869.0,31574.0
2023-06-12,34826,0,6,36181.857142857145,32218.433333333334,2929.936371810154,32989.0,37947.0
2023-06-13,37749,1,6,35792.857142857145,32701.533333333333,2397.8645658563382,34826.0,40472.0
2023-06-14,39099,2,6,35797.28571428572,33052.13333333333,2404.939688383231,37749.0,39068.0
2023-06-15,37539,3,6,35817.28571428572,33304.433333333334,2421.0083790494195,39099.0,37399.0
2023-06-16,34748,4,6,35688.42857142857,33450.4,2455.1594555914053,37539.0,35650.0
2023-06-17,30771,5,6,35388.71428571428,33490.96666666667,2937.4017268260823,34748.0,32869.0
2023-06-18,30517,6,6,35035.57142857143,33497.5,3388.0175057172555,30771.0,32989.0
2023-06-19,34952,0,6,35053.57142857143,33799.5,3387.0530877219176,30517.0,34826.0
2023-06-20,35683,1,6,34758.42857142857,34030.73333333333,3197.75576809423,34952.0,37749.0
2023-06-21,37242,2,6,34493.142857142855,34239.03333333333,2833.9837348726587,35683.0,39099.0
2023-06-22,35689,3,6,34228.857142857145,34393.566666666666,2577.229871300345,37242.0,37539.0
2023-06-23,33159,4,6,34001.857142857145,34455.166666666664,2593.8088100043406,35689.0,34748.0
2023-06-24,31365,5,6,34086.71428571428,34486.433333333334,2477.607630644441,33159.0,30771.0
2023-06-25,30909,6,6,34142.71428571428,34686.066666666666,2386.220632037384,31365.0,30517.0
2023-06-26,34825,0,6,34124.57142857143,35056.7,2379.5153468118824,30909.0,34952.0
2023-06-27,36308,1,6,34213.857142857145,35126.666666666664,2458.163842421709,34825.0,35683.0
2023-06-28,37398,2,6,34236.142857142855,35383.566666666666,2490.6845396776885,36308.0,37242.0
2023-06-29,33241,3,6,33886.42857142857,35325.8,2423.64985487727,37398.0,35689.0
2023-06-30,31476,4,6,33646.0,34879.53333333333,2585.8861795006246,33241.0,33159.0
2023-07-01,31428,5,7,33655.0,34747.6,2576.7175501657794,31476.0,31365.0
2023-07-02,31011,6,7,33669.57142857143,34621.46666666667,2558.8270006091893,31428.0,30909.0
2023-07-03,33577,0,7,33491.28571428572,34716.0,2507.875177268779,31011.0,34825.0
2023-07-04,33365,1,7,33070.857142857145,34775.7,2182.5586993685856,33577.0,36308.0
2023-07-05,34549,2,7,32663.85714285714,34662.433333333334,1346.7598682973025,33365.0,37398.0
2023-07-06,34987,3,7,32913.28571428572,34479.6,1607.8437646200546,34549.0,33241.0
2023-07-07,33144,4,7,33151.57142857143,34282.13333333333,1477.6641315648487,34987.0,31476.0
2023-07-08,31679,5,7,33187.42857142857,34091.46666666667,1431.183409762692,33144.0,31428.0
2023-07-09,29949,6,7,33035.71428571428,33901.433333333334,1726.2277480373953,31679.0,31011.0
2023-07-10,34279,0,7,33136.0,33948.433333333334,1782.3926802659623,29949.0,33577.0
2023-07-11,36240,1,7,33546.71428571428,34056.8,2139.435806802245,34279.0,33365.0
2023-07-12,37958,2,7,34033.71428571428,34161.2,2715.9343213881716,36240.0,34549.0
2023-07-13,38136,3,7,34483.57142857143,34174.1,3129.461873716726,37958.0,34987.0
2023-07-14,38872,4,7,35301.857142857145,34166.53333333333,3452.967391899723,38136.0,33144.0
2023-07-15,34265,5,7,35671.28571428572,34057.4,3123.3672915771845,38872.0,31679.0
2023-07-16,36889,6,7,36662.71428571428,34128.76666666667,1843.4704332031392,34265.0,29949.0
2023-07-17,41606,0,7,37709.42857142857,34489.933333333334,2290.378560932636,36889.0,34279.0
2023-07-18,40076,1,7,38257.42857142857,34808.566666666666,2338.6005685123955,41606.0,36240.0
2023-07-19,41952,2,7,38828.0,35041.9,2710.9547518661257,40076.0,37958.0
2023-07-20,42104,3,7,39394.857142857145,35255.933333333334,2946.740483345847,41952.0,38136.0
2023-07-21,37418,4,7,39187.142857142855,35261.8,3039.5242187206413,42104.0,38872.0
2023-07-22,34703,5,7,39249.71428571428,35228.933333333334,2923.6075155124277,37418.0,34265.0
2023-07-23,31299,6,7,38451.142857142855,35166.933333333334,4172.564296631352,34703.0,36889.0
2023-07-24,34915,0,7,37495.28571428572,35285.26666666667,4095.0640904338516,31299.0,41606.0
2023-07-25,37765,1,7,37165.142857142855,35513.8,3942.6513679911827,34915.0,40076.0
2023-07-26,37672,2,7,36553.71428571428,35608.7,3366.3280546357237,37765.0,41952.0
2023-07-27,35870,3,7,35663.142857142855,35594.1,2313.1133009120294,37672.0,42104.0
2023-07-28,36368,4,7,35513.142857142855,35559.76666666667,2212.1919317401353,35870.0,37418.0
2023-07-29,34129,5,7,35431.142857142855,35589.36666666667,2257.403038048254,36368.0,34703.0
2023-07-30,37568,6,7,36326.71428571428,35792.433333333334,1440.6264510370274,34129.0,31299.0
2023-07-31,37209,0,7,36654.42857142857,35985.13333333333,1322.0023773478024,37568.0,34915.0
2023-08-01,36712,1,8,36504.0,36175.166666666664,1231.3736232350282,37209.0,37765.0
2023-08-02,37169,2,8,36432.142857142855,36294.9,1164.7276403474934,36712.0,37672.0
2023-08-03,36720,3,8,36553.57142857143,36406.73333333333,1140.408239351116,37169.0,35870.0
2023-08-04,34977,4,8,36354.857142857145,36421.0,1289.568070914744,36720.0,36368.0
2023-08-05,33563,5,8,36274.0,36373.53333333333,1459.0051404977864,34977.0,34129.0
2023-08-06,39490,6,8,36548.57142857143,36585.066666666666,1866.934640628834,33563.0,37568.0
2023-08-07,44174,0,8,37543.57142857143,37001.566666666666,3456.7202594916325,39490.0,37209.0
2023-08-08,37145,1,8,37605.42857142857,37241.433333333334,3443.2071705092867,44174.0,36712.0
2023-08-09,37197,2,8,37609.42857142857,37338.7,3442.6318835613592,37145.0,37169.0
2023-08-10,37989,3,8,37790.71428571428,37397.0,3421.3356414458253,37197.0,36720.0
2023-08-11,35418,4,8,37853.71428571428,37312.333333333336,3364.4768644512205,37989.0,34977.0
2023-08-12,32617,5,8,37718.57142857143,37128.36666666667,3577.7863201119058,35418.0,33563.0
2023-08-13,30336,6,8,36410.857142857145,36843.833333333336,4400.699089484466,32617.0,39490.0
2023-08-14,34376,0,8,35011.142857142855,36847.53333333333,2779.5914225276683,30336.0,44174.0
2023-08-15,31566,1,8,34214.142857142855,36670.1,2864.3198976701897,34376.0,37145.0
2023-08-16,34005,2,8,33758.142857142855,36416.73333333333,2546.7863035970167,31566.0,37197.0
2023-08-17,33367,3,8,33097.857142857145,36193.1,1737.7055205613344,34005.0,37989.0
2023-08-18,32831,4,8,32728.285714285714,35889.066666666666,1405.3345644700019,33367.0,35418.0
2023-08-19,31478,5,8,32565.571428571428,35534.86666666667,1484.0984757465162,32831.0,32617.0
2023-08-20,30381,6,8,32572.0,35300.3,1472.8862821001649,31478.0,30336.0
2023-08-21,35523,0,8,32735.85714285714,35327.63333333333,1745.585138625248,30381.0,34376.0
2023-08-22,32220,1,8,32829.28571428572,35358.333333333336,1689.1243011574836,35523.0,31566.0
2023-08-23,34114,2,8,32844.857142857145,35331.63333333333,1702.2208462836609,32220.0,34005.0
2023-08-24,32795,3,8,32763.14285714286,35165.96666666667,1686.6360433881382,34114.0,33367.0
2023-08-25,30297,4,8,32401.14285714286,34920.13333333333,1924.7681616728066,32795.0,32831.0
2023-08-26,26982,5,8,31758.85714285714,34623.86666666667,2824.1693426898637,30297.0,31478.0
2023-08-27,30875,6,8,31829.428571428572,34440.76666666667,2789.965522913579,26982.0,30381.0
2023-08-28,32218,0,8,31357.285714285714,34377.066666666666,2296.792380276033,30875.0,35523.0
2023-08-29,33594,1,8,31553.571428571428,34244.6,2437.2268980092454,32218.0,32220.0
2023-08-30,29477,2,8,30891.14285714286,33986.86666666667,2248.1519394506977,33594.0,34114.0
2023-08-31,29672,3,8,30445.0,33752.2,2113.190952090883,29477.0,32795.0
2023-09-01,29993,4,9,30401.571428571428,33513.0,2119.8527352262918,29672.0,30297.0
2023-09-02,27055,5,9,30412.0,33190.833333333336,2100.316007969302,29993.0,26982.0
2023-09-03,28361,6,9,30052.85714285714,32970.3,2219.508611424888,27055.0,30875.0
2023-09-04,29756,0,9,29701.14285714286,32843.4,2003.8159786240903,28361.0,32218.0
2023-09-05,32364,1,9,29525.428571428572,32605.866666666665,1623.3716823470702,29756.0,33594.0
2023-09-06,33032,2,9,30033.285714285714,32234.466666666667,2093.652288409101,32364.0,29477.0
2023-09-07,29941,3,9,30071.714285714286,31994.333333333332,2088.3778165745457,33032.0,29672.0
2023-09-08,29315,4,9,29974.85714285714,31731.6,2108.2648021985365,29941.0,29993.0
2023-09-09,23457,5,9,29460.85714285714,31247.2,3129.861734356522,29315.0,27055.0
2023-09-10,25504,6,9,29052.714285714286,30916.733333333334,3465.476769233054,23457.0,28361.0
2023-09-11,27378,0,9,28713.0,30742.1,3501.4138096867932,25504.0,29756.0
2023-09-12,28977,1,9,28229.14285714286,30696.8,3126.778503431689,27378.0,32364.0
2023-09-13,29083,2,9,27665.0,30520.366666666665,2383.7749474307943,28977.0,33032.0
2023-09-14,29880,3,9,27656.285714285714,30464.166666666668,2374.16004194338,29083.0,29941.0
2023-09-15,28355,4,9,27519.14285714286,30275.833333333332,2288.559476218426,29880.0,29315.0
2023-09-16,29280,5,9,28351.0,30139.6,1482.1569867365763,28355.0,23457.0
2023-09-17,26185,6,9,28448.285714285714,29918.066666666666,1271.5234582030419,29280.0,25504.0
2023-09-18,32223,0,9,29140.428571428572,29942.9,1800.470110567339,26185.0,27378.0
2023-09-19,30674,1,9,29382.85714285714,29952.666666666668,1886.9678877825572,32223.0,28977.0
2023-09-20,32356,2,9,29850.428571428572,29847.1,2182.6279922102453,30674.0,29083.0
2023-09-21,33124,3,9,30313.85714285714,29877.233333333334,2509.8214696512987,32356.0,29880.0
2023-09-22,28138,4,9,30282.85714285714,29678.033333333333,2539.216705243818,33124.0,28355.0
2023-09-23,27205,5,9,29986.428571428572,29491.7,2785.023091295008,28138.0,29280.0
2023-09-24,30133,6,9,30550.428571428572,29486.233333333334,2231.66879689761,27205.0,26185.0
2023-09-25,33487,0,9,30731.0,29703.066666666666,2431.7273695870626,30133.0,32223.0
2023-09-26,35601,1,9,31434.85714285714,29860.6,3047.5546168782585,33487.0,30674.0
2023-09-27,32458,2,9,31449.428571428572,29868.6,3052.9320801015424,35601.0,32356.0
2023-09-28,31961,3,9,31283.285714285714,29814.166666666668,2977.3214312130867,32458.0,33124.0
2023-09-29,30874,4,9,31674.14285714286,29860.733333333334,2658.068373121604,31961.0,28138.0
2023-09-30,28075,5,9,31798.428571428572,29807.5,2424.3359129968935,30874.0,27205.0
2023-10-01,32769,6,10,32175.0,29900.033333333333,2325.2290926556484,28075.0,30133.0
2023-10-02,32520,0,10,32036.85714285714,30082.2,2262.1611664194074,32769.0,33487.0
2023-10-03,34328,1,10,31855.0,30281.1,1958.6966755129627,32520.0,35601.0
2023-10-04,36552,2,10,32439.85714285714,30507.633333333335,2655.8975525277137,34328.0,32458.0
2023-10-05,35352,3,10,32924.28571428572,30607.233333333334,2855.7347399155997,36552.0,31961.0
2023-10-06,30365,4,10,32851.57142857143,30518.333333333332,2922.3445414677803,35352.0,30874.0
2023-10-07,30000,5,10,33126.57142857143,30520.3,2450.409343840305,30365.0,28075.0
2023-10-08,30149,6,10,32752.285714285714,30548.1,2701.3725347362742,30000.0,32769.0
2023-10-09,34085,0,10,32975.857142857145,30902.366666666665,2743.378782242084,30149.0,32520.0
2023-10-10,38663,1,10,33595.142857142855,31341.0,3487.775385952495,34085.0,34328.0
2023-10-11,34233,2,10,33263.857142857145,31569.5,3263.0014009889837,38663.0,36552.0
2023-10-12,33719,3,10,33030.57142857143,31727.566666666666,3145.07360047104,34233.0,35352.0
2023-10-13,31308,4,10,33165.28571428572,31801.733333333334,3029.958014796161,33719.0,30365.0
2023-10-14,27528,5,10,32812.142857142855,31723.333333333332,3558.3437359052396,31308.0,30000.0
2023-10-15,30432,6,10,32852.57142857143,31792.566666666666,3524.489790836852,27528.0,30149.0
2023-10-16,34902,0,10,32969.28571428572,31979.966666666667,3585.1102128238895,30432.0,34085.0
2023-10-17,34722,1,10,32406.285714285714,32264.533333333333,2755.386646448638,34902.0,38663.0
2023-10-18,33318,2,10,32275.571428571428,32301.033333333333,2674.8105139828476,34722.0,34233.0
2023-10-19,34174,3,10,32340.571428571428,32417.7,2720.864988512511,33318.0,33719.0
2023-10-20,28141,4,10,31888.14285714286,32277.2,3150.555317642066,34174.0,31308.0
2023-10-21,25014,5,10,31529.0,32006.866666666665,3805.612127722102,28141.0,27528.0
2023-10-22,27878,6,10,31164.14285714286,31998.2,4043.3206002232055,25014.0,30432.0
2023-10-23,27879,0,10,30160.85714285714,32020.666666666668,3826.7732459853573,27878.0,34902.0
2023-10-24,28291,1,10,29242.14285714286,31959.266666666666,3282.5104939445273,27879.0,34722.0
2023-10-25,29267,2,10,28663.428571428572,31818.6,2759.6160878607257,28291.0,33318.0
2023-10-26,29990,3,10,28065.714285714286,31631.566666666666,1559.1366964105505,29267.0,34174.0
2023-10-27,28270,4,10,28084.14285714286,31491.966666666667,1560.936196493174,29990.0,28141.0
2023-10-28,23277,5,10,27836.0,31202.5,2155.2630156585124,28270.0,25014.0
2023-10-29,23913,6,10,27269.571428571428,30970.466666666667,2614.4861736830226,23277.0,27878.0
2023-10-30,28263,0,10,27324.428571428572,30976.733333333334,2633.3647587031487,23913.0,27879.0
2023-10-31,29773,1,10,27536.14285714286,30876.866666666665,2779.542554004626,28263.0,28291.0
2023-11-01,31236,2,11,27817.428571428572,30834.066666666666,3068.5057632415133,29773.0,29267.0
2023-11-02,31020,3,11,27964.571428571428,30723.8,3211.417280949288,31236.0,29990.0
2023-11-03,30488,4,11,28281.428571428572,30521.666666666668,3352.879899287536,31020.0,28270.0
2023-11-04,25930,5,11,28660.428571428572,30207.6,2796.731595817948,30488.0,23277.0
2023-11-05,25880,6,11,28941.428571428572,30058.1,2293.840437427971,25930.0,23913.0
2023-11-06,31969,0,11,29470.85714285714,30123.733333333334,2526.99046486579,25880.0,28263.0
2023-11-07,34950,1,11,30210.428571428572,30283.766666666666,3276.5591635708006,31969.0,29773.0
2023-11-08,37461,2,11,31099.714285714286,30396.3,4289.487642841987,34950.0,31236.0
2023-11-09,33085,3,11,31394.714285714286,30210.366666666665,4353.620245048264,37461.0,31020.0
2023-11-10,27392,4,11,30952.428571428572,29982.333333333332,4610.754271524325,33085.0,30488.0
2023-11-11,24231,5,11,30709.714285714286,29666.066666666666,4951.342771218136,27392.0,25930.0
2023-11-12,25344,6,11,30633.14285714286,29467.266666666666,5041.799924252183,24231.0,25880.0
2023-11-13,29205,0,11,30238.285714285714,29523.166666666668,5027.958025357882,25344.0,31969.0
2023-11-14,30137,1,11,29550.714285714286,29513.333333333332,4585.900446451135,29205.0,34950.0
2023-11-15,30413,2,11,28543.85714285714,29363.7,3089.160750568984,30137.0,37461.0
2023-11-16,31847,3,11,28367.0,29267.866666666665,2808.537875834823,30413.0,33085.0
2023-11-17,30258,4,11,28776.428571428572,29165.866666666665,2851.290459723996,31847.0,27392.0
2023-11-18,27809,5,11,29287.571428571428,28953.7,2130.1514701337774,30258.0,24231.0
2023-11-19,29561,6,11,29890.0,29001.033333333333,1238.8057421022434,27809.0,25344.0
2023-11-20,35399,0,11,30774.85714285714,29347.2,2366.6744902618084,29561.0,29205.0
2023-11-21,34316,1,11,31371.85714285714,29561.8,2684.674308525339,35399.0,30137.0
2023-11-22,38632,2,11,32546.0,29920.233333333334,3772.37423028684,34316.0,30413.0
2023-11-23,33963,3,11,32848.28571428572,30109.3,3791.7563087256553,38632.0,31847.0
2023-11-24,33386,4,11,33295.142857142855,30246.6,3615.851279600613,33963.0,30258.0
2023-11-25,27470,5,11,33246.71428571428,30162.6,3702.8005488765957,33386.0,27809.0
2023-11-26,27220,6,11,32912.28571428572,30127.6,4167.698994020659,27470.0,29561.0
2023-11-27,35026,0,11,32859.0,30519.233333333334,4132.845145901175,27220.0,35399.0
2023-11-28,31381,1,11,32439.714285714286,30768.166666666668,4109.2068461883,35026.0,34316.0
2023-11-29,30612,2,11,31294.0,30846.466666666667,3085.4765704288766,31381.0,38632.0
2023-11-30,32557,3,11,31093.14285714286,30939.266666666666,2924.3288933000244,30612.0,33963.0
2023-12-01,30260,4,12,30646.571428571428,30906.733333333334,2749.2771084498704,32557.0,33386.0
2023-12-02,26958,5,12,30573.428571428572,30771.333333333332,2852.737039940148,30260.0,27470.0
2023-12-03,27152,6,12,30563.714285714286,30660.133333333335,2866.1437922920227,26958.0,27220.0
2023-12-04,32687,0,12,30229.571428571428,30885.366666666665,2348.8816386484446,27152.0,35026.0
2023-12-05,34213,1,12,30634.14285714286,31163.133333333335,2783.8713708651608,32687.0,31381.0
2023-12-06,35011,2,12,31262.571428571428,31264.533333333333,3237.5806222723104,34213.0,30612.0
2023-12-07,33702,3,12,31426.14285714286,31222.933333333334,3341.146182004416,35011.0,32557.0
2023-12-08,31834,4,12,31651.0,31035.366666666665,3302.3244338897944,33702.0,30260.0
2023-12-09,30324,5,12,32131.85714285714,30943.333333333332,2694.135447508663,31834.0,26958.0
2023-12-10,33287,6,12,33008.28571428572,31139.833333333332,1565.7098192494534,30324.0,27152.0
2023-12-11,34621,0,12,33284.57142857143,31486.166666666668,1666.9317979589157,33287.0,32687.0
2023-12-12,33645,1,12,33203.42857142857,31762.866666666665,1627.5651402365463,34621.0,34213.0
2023-12-13,116843,2,12,44893.71428571428,34684.13333333333,31758.371451289728,33645.0,35011.0
2023-12-14,33354,3,12,44844.0,34791.36666666667,31779.076397319448,116843.0,33702.0
2023-12-15,30065,4,12,44591.28571428572,34779.76666666667,31906.555934030668,33354.0,31834.0
2023-12-16,26261,5,12,44010.857142857145,34593.566666666666,32244.522844604006,30065.0,30324.0
2023-12-17,25563,6,12,42907.42857142857,34437.066666666666,32800.03800738215,26261.0,33287.0
2023-12-18,30433,0,12,42309.142857142855,34524.53333333333,33013.87538812819,25563.0,34621.0
2023-12-19,30262,1,12,41825.857142857145,34547.9,33186.15959718031,30433.0,33645.0
2023-12-20,28749,2,12,29241.0,34326.23333333333,2667.995439775944,30262.0,116843.0
2023-12-21,28784,3,12,28588.14285714286,34141.833333333336,1958.644125287273,28749.0,33354.0
2023-12-22,25355,4,12,27915.285714285714,33699.26666666667,2164.8968192719362,28784.0,30065.0
2023-12-23,22886,5,12,27433.14285714286,33330.03333333333,2859.209997450746,25355.0,26261.0
2023-12-24,22552,6,12,27003.0,32968.9,3368.5667575392454,22886.0,25563.0
2023-12-25,21799,0,12,25769.571428571428,32779.86666666667,3482.114915638584,22552.0,30433.0
2023-12-26,24223,1,12,24906.85714285714,32679.966666666667,2879.5480796221354,21799.0,30262.0
2023-12-27,26700,2,12,24614.14285714286,32402.433333333334,2503.474613982638,24223.0,28749.0
2023-12-28,26376,3,12,24270.14285714286,32235.6,1936.1642000414558,26700.0,28784.0
2023-12-29,25997,4,12,24361.85714285714,32081.766666666666,2009.9183589196289,26376.0,25355.0
2023-12-30,23872,5,12,24502.714285714286,31792.266666666666,1921.871979284852,25997.0,22886.0
2023-12-31,23185,6,12,24593.14285714286,31556.433333333334,1827.3566910126906,23872.0,22552.0
2024-01-01,24754,0,1,25015.285714285714,31482.966666666667,1354.412752730974,23185.0,21799.0
